,image,xmin,ymin,xmax,ymax,label
0,1037289_605.jpg,683,559,769,619,293
1,1066239_605.jpg,1501,717,1598,875,290
2,1066239_605.jpg,1602,723,1707,879,290
3,1073563_605.jpg,1324,979,1517,1088,290
4,1073565_605.jpg,1283,990,1460,1081,290
5,1081961_605.jpg,1778,430,1882,520,290
6,1163264_605.jpg,1343,951,1492,1091,291
7,1168795_605.jpg,1532,1553,1695,1678,295
8,1178474_605.jpg,1330,517,1390,660,290
9,1190379_605.jpg,1593,1163,1748,1286,287
10,1191702_605.jpg,1059,1094,1177,1271,291
11,1201359_605.jpg,1169,981,1322,1178,291
12,1201380_605.jpg,1315,777,1436,964,291
13,1203255_605.jpg,1320,1042,1461,1122,294
14,1239328_605.jpg,1234,1258,1368,1327,287
15,1239347_605.jpg,1335,1001,1469,1085,287
16,1244976_605.jpg,1279,1078,1421,1163,290
17,1244982_605.jpg,1259,1058,1382,1115,290
18,1245109_605.jpg,1466,1110,1566,1249,290
19,1245114_605.jpg,1432,994,1535,1078,290
20,1245536_605.jpg,1370,1236,1536,1315,290
21,1245545_605.jpg,1110,1289,1200,1432,290
22,1246086_605.jpg,1170,1014,1299,1125,290
23,1246086_605.jpg,1245,965,1367,1072,290
24,1251701_605.jpg,2219,832,2371,900,285
25,1279900_605.jpg,1456,699,1560,783,291
26,1279902_605.jpg,1392,806,1512,894,291
27,1279929_605.jpg,1497,588,1635,689,291
28,1279934_605.jpg,1431,780,1584,903,291
29,1279964_605.jpg,1533,770,1644,897,291
30,1280097_605.jpg,1436,868,1532,943,291
31,1280116_605.jpg,1213,1181,1374,1291,291
32,1280201_605.jpg,1221,1069,1329,1159,291
33,1280333_605.jpg,1413,869,1493,930,291
34,1280350_605.jpg,1282,972,1370,1086,291
35,1288630_605.jpg,1303,808,1427,902,291
36,1288660_605.jpg,1464,798,1536,908,291
37,1288678_605.jpg,1412,734,1508,803,291
38,1288688_605.jpg,1479,869,1575,938,291
39,1288705_605.jpg,1373,754,1491,853,291
40,1288938_605.jpg,1530,819,1643,929,291
41,1288952_605.jpg,1123,601,1214,733,291
42,1288970_605.jpg,1437,672,1586,806,291
43,1288986_605.jpg,1496,1041,1589,1157,291
44,1289002_605.jpg,1587,709,1678,789,291
45,1289017_605.jpg,1712,878,1808,974,291
46,1289026_605.jpg,776,867,907,955,291
47,1289036_605.jpg,1407,1046,1547,1203,291
48,1289086_605.jpg,1480,894,1560,1016,291
49,1289090_605.jpg,1061,827,1151,963,291
50,1289107_605.jpg,1763,590,1848,713,291
51,1290552_605.jpg,1319,974,1480,1060,291
52,1294780_605.jpg,850,1034,1011,1180,287
53,1294780_605.jpg,1389,1058,1557,1207,287
54,1294787_605.jpg,1109,967,1251,1077,287
55,1294855_605.jpg,1223,1111,1385,1245,287
56,1294855_605.jpg,1010,1266,1182,1436,287
57,1303900_605.jpg,2372,519,2546,630,290
58,1338488_605.jpg,956,575,1168,687,290
59,1365907_605.jpg,1396,1054,1556,1193,291
60,1365928_605.jpg,1288,860,1425,1005,291
61,1366433_605.jpg,1377,884,1505,1017,291
62,1366767_605.jpg,1385,859,1514,968,291
63,1370030_605.jpg,1361,1012,1488,1111,291
64,1388113_605.jpg,1078,917,1186,981,290
65,1388114_605.jpg,1164,897,1318,1005,290
66,1388117_605.jpg,1170,1018,1315,1109,290
67,1388126_605.jpg,1560,677,1740,770,290
68,1388176_605.jpg,1380,1135,1561,1315,290
69,1388439_605.jpg,1183,1338,1301,1434,290
70,1388456_605.jpg,1040,662,1159,772,290
71,1388613_605.jpg,1426,487,1578,607,290
72,1388629_605.jpg,1377,1027,1557,1248,290
73,1388641_605.jpg,1224,944,1364,1092,290
74,1388646_605.jpg,1736,915,1966,1012,290
75,1388781_605.jpg,893,1574,1043,1696,290
76,1388822_605.jpg,1619,658,1762,796,290
77,1388831_605.jpg,1602,990,1702,1167,290
78,1389025_605.jpg,1970,827,2038,970,290
79,1417753_605.jpg,1363,1107,1494,1193,290
80,1417779_605.jpg,1532,894,1635,958,290
81,1417790_605.jpg,1463,888,1552,1036,290
82,1418149_605.jpg,1475,955,1606,1020,290
83,1418315_605.jpg,1537,890,1651,951,290
84,1418342_605.jpg,1524,986,1632,1058,290
85,1418472_605.jpg,1505,1178,1626,1256,290
86,1418493_605.jpg,1468,1192,1542,1327,290
87,1418515_605.jpg,1441,806,1520,919,290
88,1418520_605.jpg,1284,925,1405,994,290
89,1418526_605.jpg,1538,1056,1704,1155,290
90,1418970_605.jpg,1612,983,1720,1082,290
91,1419146_605.jpg,1186,1325,1313,1443,290
92,1419347_605.jpg,1492,786,1657,887,290
93,1420006_605.jpg,1014,1151,1114,1263,291
94,1420006_605.jpg,1108,1132,1210,1244,291
95,1420033_605.jpg,1325,913,1463,1024,291
96,1420033_605.jpg,1541,924,1677,1039,291
97,1420042_605.jpg,1180,1116,1274,1234,291
98,1420042_605.jpg,1101,1066,1226,1154,291
99,1420053_605.jpg,1790,1280,1908,1350,291
100,1420053_605.jpg,1747,1326,1856,1435,291
101,1422186_605.jpg,1710,956,1808,1097,291
102,1422195_605.jpg,1447,727,1586,864,291
103,1440841_605.jpg,1560,922,1629,990,291
104,1440895_605.jpg,1435,1082,1600,1158,291
105,1440929_605.jpg,1373,1046,1468,1144,291
106,1440988_605.jpg,1441,950,1529,1072,291
107,1440997_605.jpg,1758,550,1914,616,290
108,1441007_605.jpg,1364,1046,1510,1174,291
109,1441031_605.jpg,1401,941,1551,1045,291
110,1441032_605.jpg,1440,1130,1569,1207,291
111,1441039_605.jpg,1386,1012,1536,1175,291
112,1441089_605.jpg,1548,1099,1662,1174,291
113,1441121_605.jpg,1565,1188,1720,1346,291
114,1441136_605.jpg,1487,1043,1592,1108,291
115,1441137_605.jpg,1429,1062,1559,1131,291
116,1441161_605.jpg,1527,821,1617,955,291
117,1441163_605.jpg,1496,983,1625,1040,291
118,1441166_605.jpg,1445,898,1539,1035,291
119,1441172_605.jpg,1403,1079,1545,1219,291
120,1441174_605.jpg,1948,980,2073,1101,297
121,1441187_605.jpg,1468,982,1637,1092,291
122,1441875_605.jpg,1293,1441,1407,1572,290
123,1441879_605.jpg,336,113,768,401,294
124,1441879_605.jpg,1309,864,1490,953,290
125,1441898_605.jpg,1741,575,1895,715,290
126,1441922_605.jpg,1137,507,1305,668,290
127,1442000_605.jpg,1542,931,1691,1094,290
128,1443114_605.jpg,1696,432,1794,547,297
129,1443137_605.jpg,1414,1180,1555,1222,290
130,1443139_605.jpg,1414,941,1544,984,290
131,1443140_605.jpg,1763,1114,1863,1213,297
132,1443151_605.jpg,1631,684,1736,773,297
133,1443152_605.jpg,1349,1097,1534,1199,290
134,1443227_605.jpg,1786,384,1909,486,297
135,1443227_605.jpg,204,113,246,154,290
136,1443347_605.jpg,1371,955,1509,1042,290
137,1443351_605.jpg,1294,894,1485,980,290
138,1443369_605.jpg,1333,1100,1495,1157,290
139,1443391_605.jpg,1414,965,1534,1142,290
140,1443435_605.jpg,1370,1102,1511,1153,290
141,1443444_605.jpg,1241,996,1382,1071,290
142,1443973_605.jpg,1598,716,1686,788,296
143,1443988_605.jpg,1350,923,1508,976,290
144,1443998_605.jpg,1315,1014,1422,1064,290
145,1444016_605.jpg,1292,1151,1458,1211,290
146,1444026_605.jpg,1509,1125,1644,1171,290
147,1444096_605.jpg,1630,775,1709,891,296
148,1444106_605.jpg,1368,988,1495,1031,290
149,1444212_605.jpg,1403,1076,1521,1140,290
150,1460023_605.jpg,1314,992,1473,1079,291
151,1460044_605.jpg,1335,986,1463,1093,291
152,1474434_605.jpg,1745,1585,1844,1651,291
153,1474474_605.jpg,1763,1269,1903,1343,291
154,1474648_605.jpg,1737,1219,1828,1266,291
155,1474734_605.jpg,1622,1211,1758,1297,291
156,1474763_605.jpg,1707,1111,1820,1212,291
157,1474793_605.jpg,1718,1193,1833,1283,291
158,1475280_605.jpg,2000,1097,2156,1197,291
159,1475290_605.jpg,1681,1429,1784,1528,291
160,1475295_605.jpg,1666,1208,1776,1282,291
161,1475777_605.jpg,1692,1272,1826,1375,291
162,1475799_605.jpg,1754,1203,1883,1281,291
163,1475806_605.jpg,1793,1346,1941,1422,291
164,1476088_605.jpg,1832,1289,1982,1420,291
165,1476121_605.jpg,1687,1201,1809,1270,291
166,1476129_605.jpg,1773,1201,1889,1317,291
167,1476181_605.jpg,1811,1103,1919,1182,291
168,1476194_605.jpg,1767,1081,1913,1184,291
169,1476264_605.jpg,1749,1167,1868,1260,291
170,1476338_605.jpg,1417,836,1559,943,290
171,1476654_605.jpg,1566,1283,1673,1359,291
172,1476673_605.jpg,1884,1069,2005,1124,291
173,1476675_605.jpg,1717,1011,1810,1100,291
174,1476687_605.jpg,1773,1151,1877,1243,291
175,1477075_605.jpg,1685,977,1814,1051,291
176,1477097_605.jpg,1672,1192,1783,1308,291
177,1477110_605.jpg,1794,1278,1907,1367,291
178,1477538_605.jpg,1658,1031,1794,1099,291
179,1477678_605.jpg,1547,1216,1653,1292,291
180,1477765_605.jpg,1656,1074,1780,1173,291
181,1477769_605.jpg,1843,1347,1966,1400,291
182,1477774_605.jpg,1639,1138,1766,1202,291
183,1477778_605.jpg,1692,1239,1767,1299,291
184,1477793_605.jpg,1754,1162,1877,1244,291
185,1478070_605.jpg,1889,1264,2019,1317,291
186,1478076_605.jpg,1597,1248,1752,1352,291
187,1478221_605.jpg,1532,1084,1633,1137,291
188,1478312_605.jpg,2117,1291,2284,1363,291
189,1478335_605.jpg,498,1076,605,1209,291
190,1478364_605.jpg,2263,1432,2367,1574,291
191,1478415_605.jpg,534,1624,701,1745,291
192,1478424_605.jpg,339,1459,467,1598,291
193,1478752_605.jpg,366,506,547,664,291
194,1478848_605.jpg,647,1453,781,1573,291
195,1478929_605.jpg,2370,1413,2497,1549,291
196,1481230_605.jpg,1333,998,1488,1078,291
197,1481336_605.jpg,1297,971,1448,1094,291
198,1481353_605.jpg,1331,1006,1460,1122,291
199,1503888_605.jpg,1526,780,1604,911,291
200,1523492_605.jpg,458,617,608,752,296
201,1523642_605.jpg,2315,340,2449,459,296
202,1523650_605.jpg,2151,697,2297,828,296
203,1523882_605.jpg,2260,1554,2397,1687,296
204,1524192_605.jpg,2154,622,2276,749,296
205,1524203_605.jpg,591,1412,710,1519,296
206,1535641_605.jpg,1599,957,1706,1091,291
207,1551940_605.jpg,1423,968,1581,1038,294
208,1571945_605.jpg,1350,1001,1453,1119,291
209,1571965_605.jpg,1327,982,1430,1119,291
210,1571994_605.jpg,1325,1004,1440,1095,291
211,1580807_605.jpg,1101,892,1153,1022,291
212,1580830_605.jpg,1536,571,1652,633,296
213,1580874_605.jpg,1415,839,1536,1016,291
214,1580880_605.jpg,1514,943,1581,1042,291
215,1580930_605.jpg,1194,846,1284,930,291
216,1580985_605.jpg,1449,882,1561,1062,291
217,1581005_605.jpg,1470,903,1561,1029,291
218,1581021_605.jpg,1407,964,1483,1067,291
219,1581070_605.jpg,1580,942,1686,1042,291
220,1581139_605.jpg,1464,1132,1569,1263,291
221,1581154_605.jpg,1456,1019,1544,1130,291
222,1581155_605.jpg,1464,981,1543,1044,291
223,1581185_605.jpg,1553,939,1617,1027,291
224,1581219_605.jpg,1493,1028,1595,1135,291
225,1581236_605.jpg,1801,958,1865,1044,291
226,1605125_605.jpg,1122,1114,1309,1233,287
227,1612301_605.jpg,1807,1151,1939,1278,291
228,1612302_605.jpg,1377,979,1464,1108,291
229,1612303_605.jpg,1673,993,1765,1144,291
230,1626453_605.jpg,1192,1629,1351,1737,292
231,1626568_605.jpg,1523,1108,1684,1179,292
232,1638556_605.jpg,1347,1020,1495,1093,291
233,1644294_605.jpg,920,925,1063,1049,297
234,1644298_605.jpg,1657,752,1814,882,297
235,1644345_605.jpg,1528,1102,1642,1278,297
236,1650871_605.jpg,1344,1004,1444,1085,291
237,1650873_605.jpg,1297,970,1416,1104,291
238,1660217_605.jpg,1311,1527,1445,1635,292
239,1660280_605.jpg,1238,1097,1375,1199,292
240,1660334_605.jpg,1232,851,1363,946,292
241,1660458_605.jpg,1388,1083,1492,1137,292
242,1663410_605.jpg,1630,654,1762,782,291
243,1665164_605.jpg,1341,1247,1411,1383,292
244,1675790_605.jpg,1647,921,1821,1017,287
245,1675845_605.jpg,1168,1314,1343,1424,287
246,1675875_605.jpg,1490,1034,1669,1173,287
247,1675887_605.jpg,1558,1402,1728,1525,287
248,1680087_605.jpg,1508,934,1657,1005,292
249,1680114_605.jpg,1233,1049,1395,1123,292
250,1680140_605.jpg,1150,1009,1286,1111,292
251,1680190_605.jpg,1250,1126,1333,1229,292
252,1680276_605.jpg,1195,983,1346,1096,292
253,1681001_605.jpg,1227,931,1391,1003,292
254,1698181_605.jpg,744,1309,933,1443,287
255,1698183_605.jpg,1317,1286,1478,1367,287
256,1698232_605.jpg,1849,1836,2024,1988,287
257,1701658_605.jpg,1343,1019,1449,1101,290
258,1701794_605.jpg,1184,1076,1286,1185,296
259,1701794_605.jpg,1280,1073,1461,1164,296
260,1704991_605.jpg,1481,894,1595,1018,290
261,1710715_605.jpg,1358,997,1461,1081,290
262,1711554_605.jpg,1359,977,1530,1102,287
263,1712905_605.jpg,1368,1114,1498,1215,287
264,1712909_605.jpg,1528,783,1673,921,287
265,1715544_605.jpg,1363,1583,1544,1714,287
266,1715719_605.jpg,1638,1092,1835,1208,287
267,1715723_605.jpg,1617,1333,1790,1446,287
268,1715733_605.jpg,1245,733,1400,799,287
269,1731409_605.jpg,1334,1312,1445,1432,290
270,1731423_605.jpg,1254,1701,1322,1830,290
271,1731469_605.jpg,1651,1212,1816,1322,290
272,1731505_605.jpg,178,617,255,774,290
273,1731561_605.jpg,1788,957,1912,1039,290
274,1731581_605.jpg,1481,922,1596,1051,290
275,1731648_605.jpg,1099,1435,1175,1590,290
276,1731669_605.jpg,1003,810,1152,894,290
277,1735805_605.jpg,1451,1077,1501,1183,290
278,1735805_605.jpg,1578,1109,1635,1227,290
279,1735808_605.jpg,1197,925,1273,952,290
280,1735808_605.jpg,1257,1004,1333,1044,290
281,1735825_605.jpg,1055,1313,1143,1350,290
282,1735825_605.jpg,1100,1253,1135,1312,290
283,1735841_605.jpg,1547,1071,1683,1164,290
284,1735841_605.jpg,1567,1116,1703,1213,290
285,1735851_605.jpg,1371,920,1458,975,290
286,1735851_605.jpg,1531,888,1566,947,290
287,1735895_605.jpg,1326,1047,1407,1142,290
288,1735895_605.jpg,1435,1019,1525,1103,290
289,1735900_605.jpg,1189,1102,1269,1163,290
290,1735900_605.jpg,1364,1090,1429,1161,290
291,1735979_605.jpg,1454,1225,1544,1292,290
292,1735979_605.jpg,1539,1211,1614,1286,290
293,1735999_605.jpg,1169,963,1232,1026,290
294,1735999_605.jpg,1270,969,1353,1019,290
295,1736011_605.jpg,1535,724,1648,768,290
296,1736011_605.jpg,1571,763,1657,842,290
297,1736020_605.jpg,1143,766,1241,826,290
298,1736020_605.jpg,1276,781,1378,851,290
299,1736046_605.jpg,1573,1210,1678,1259,290
300,1736046_605.jpg,1651,1156,1749,1220,290
301,1736066_605.jpg,1567,1100,1673,1179,290
302,1736072_605.jpg,1449,1132,1565,1170,290
303,1736072_605.jpg,1360,1128,1415,1193,290
304,1736143_605.jpg,1556,1005,1642,1061,290
305,1736143_605.jpg,1517,1041,1607,1103,290
306,1736158_605.jpg,1730,1193,1800,1252,290
307,1736158_605.jpg,1809,1163,1909,1212,290
308,1736204_605.jpg,1169,925,1259,973,290
309,1736204_605.jpg,1356,908,1433,967,290
310,1736209_605.jpg,1184,1151,1225,1207,290
311,1736209_605.jpg,1205,1123,1285,1164,290
312,1736215_605.jpg,1700,1060,1831,1126,290
313,1736215_605.jpg,1605,1106,1686,1221,290
314,1736236_605.jpg,1004,1212,1110,1256,290
315,1736236_605.jpg,1139,1195,1187,1248,290
316,1736312_605.jpg,1310,673,1416,719,290
317,1736312_605.jpg,1226,707,1317,771,290
318,1736428_605.jpg,1350,1071,1459,1176,297
319,1736486_605.jpg,1445,1110,1514,1195,290
320,1736486_605.jpg,1297,1086,1437,1155,290
321,1736634_605.jpg,949,1862,1058,1964,297
322,1740640_605.jpg,1363,915,1475,1035,292
323,1740727_605.jpg,1292,1081,1492,1173,292
324,1740815_605.jpg,1358,802,1472,932,292
325,1740880_605.jpg,1599,1089,1695,1192,287
326,1740880_605.jpg,1677,1148,1790,1264,287
327,1741375_605.jpg,1356,910,1549,1000,292
328,1743125_605.jpg,1611,911,1719,1032,287
329,1743125_605.jpg,1711,915,1826,1047,287
330,1743128_605.jpg,1264,1204,1411,1313,287
331,1743128_605.jpg,1466,1131,1566,1239,287
332,1743137_605.jpg,1578,1149,1683,1280,287
333,1743137_605.jpg,1590,1027,1687,1148,287
334,1743301_605.jpg,1723,831,1858,892,287
335,1743301_605.jpg,1589,807,1725,860,287
336,1743303_605.jpg,1474,929,1586,1044,287
337,1743303_605.jpg,1596,968,1709,1081,287
338,1743812_605.jpg,1403,1143,1527,1217,287
339,1743812_605.jpg,1539,1204,1663,1298,287
340,1743819_605.jpg,1584,897,1688,1005,287
341,1743819_605.jpg,1744,903,1853,1009,287
342,1743822_605.jpg,1156,1056,1284,1135,287
343,1743822_605.jpg,1260,1004,1393,1074,287
344,1745972_605.jpg,1284,1002,1333,1154,290
345,1745972_605.jpg,1349,1008,1393,1163,290
346,1745978_605.jpg,1194,1027,1245,1159,290
347,1745978_605.jpg,1276,1025,1319,1159,290
348,1746207_605.jpg,1196,405,1349,512,287
349,1746207_605.jpg,1273,467,1438,562,287
350,1761467_605.jpg,1486,1095,1617,1178,287
351,1761467_605.jpg,1767,1052,1879,1135,287
352,1761473_605.jpg,1630,1470,1743,1526,287
353,1761473_605.jpg,1718,1561,1834,1626,287
354,1761559_605.jpg,1105,1023,1258,1096,287
355,1761559_605.jpg,1828,978,1951,1061,287
356,1761621_605.jpg,1665,979,1816,1080,287
357,1761621_605.jpg,1829,1043,2000,1140,287
358,1761633_605.jpg,1181,1107,1320,1251,287
359,1761633_605.jpg,1503,1118,1670,1249,287
360,1761799_605.jpg,1399,854,1543,940,287
361,1761926_605.jpg,1804,868,1931,988,287
362,1761926_605.jpg,1618,841,1782,958,287
363,1761929_605.jpg,1403,809,1526,954,287
364,1761945_605.jpg,1434,1192,1557,1282,287
365,1761945_605.jpg,1596,1241,1727,1334,287
366,1761971_605.jpg,1405,569,1510,666,287
367,1761971_605.jpg,1393,686,1531,804,287
368,1761998_605.jpg,1413,1037,1519,1156,287
369,1761998_605.jpg,1404,1169,1514,1310,287
370,1762031_605.jpg,1807,1058,1924,1160,287
371,1762031_605.jpg,1730,615,1847,689,287
372,1762272_605.jpg,1423,1314,1566,1394,287
373,1762272_605.jpg,1634,1335,1755,1432,287
374,1762281_605.jpg,1407,1077,1572,1219,287
375,1762281_605.jpg,1495,1018,1679,1132,287
376,1762323_605.jpg,1500,1278,1606,1353,287
377,1762323_605.jpg,1629,1312,1711,1390,287
378,1762333_605.jpg,1548,1344,1704,1447,287
379,1762333_605.jpg,1549,1259,1684,1359,287
380,1763880_605.jpg,1096,1179,1232,1257,290
381,1763880_605.jpg,1034,1154,1103,1256,290
382,1763880_605.jpg,1282,1374,1626,1563,294
383,1765763_605.jpg,835,1032,1000,1131,287
384,1765767_605.jpg,1657,769,1796,857,287
385,1765897_605.jpg,1761,1381,1911,1473,287
386,1765919_605.jpg,1459,1160,1587,1261,287
387,1765953_605.jpg,1486,1364,1670,1482,287
388,1765958_605.jpg,1823,1597,1973,1681,287
389,1765962_605.jpg,899,1480,1088,1573,287
390,1765972_605.jpg,1447,1263,1614,1372,287
391,1766016_605.jpg,1496,1339,1641,1411,287
392,1766143_605.jpg,1587,1420,1709,1480,287
393,1766156_605.jpg,1641,1612,1780,1700,287
394,1766163_605.jpg,1289,1772,1453,1864,287
395,1766361_605.jpg,1494,683,1668,781,287
396,1770082_605.jpg,1192,810,1372,896,296
397,1770082_605.jpg,1451,835,1622,915,296
398,1770092_605.jpg,1541,1113,1667,1273,296
399,1770092_605.jpg,1350,924,1552,1037,296
400,1770167_605.jpg,1222,822,1399,906,296
401,1770167_605.jpg,1200,715,1296,801,296
402,1770333_605.jpg,973,730,1079,811,296
403,1770333_605.jpg,1451,896,1615,990,296
404,1770399_605.jpg,1405,876,1554,972,296
405,1770399_605.jpg,1336,779,1500,846,296
406,1770405_605.jpg,1405,785,1554,853,296
407,1770405_605.jpg,1461,878,1645,963,296
408,1770419_605.jpg,922,689,1078,772,296
409,1770419_605.jpg,958,810,1106,908,296
410,1770560_605.jpg,1205,811,1295,951,296
411,1770560_605.jpg,1216,675,1364,760,296
412,1770602_605.jpg,1466,825,1558,938,296
413,1770602_605.jpg,1207,1124,1338,1264,296
414,1770638_605.jpg,994,785,1091,914,296
415,1770638_605.jpg,827,625,997,701,296
416,1783060_605.jpg,1791,741,1913,797,287
417,1783067_605.jpg,1553,1242,1693,1296,287
418,1783067_605.jpg,1700,1199,1838,1260,287
419,1783080_605.jpg,1537,1196,1695,1259,287
420,1783080_605.jpg,1765,1125,1927,1206,287
421,1783084_605.jpg,1754,1192,1850,1292,287
422,1783084_605.jpg,1693,1083,1778,1171,287
423,1783087_605.jpg,1332,1046,1493,1122,287
424,1783087_605.jpg,1503,1002,1637,1083,287
425,1783091_605.jpg,1935,1030,2084,1128,287
426,1783091_605.jpg,1628,949,1767,1028,287
427,1783093_605.jpg,1432,782,1650,841,287
428,1783093_605.jpg,1792,721,1916,766,287
429,1783098_605.jpg,1565,964,1689,1061,287
430,1783098_605.jpg,1420,909,1537,989,287
431,1783144_605.jpg,1845,1091,1987,1183,287
432,1783154_605.jpg,1500,723,1642,822,287
433,1783154_605.jpg,1670,710,1796,814,287
434,1784636_605.jpg,825,1103,991,1180,287
435,1784642_605.jpg,1814,1225,1977,1353,287
436,1784665_605.jpg,1658,1082,1813,1191,287
437,1784702_605.jpg,1810,1521,2000,1641,287
438,1784727_605.jpg,1734,1406,1931,1540,287
439,1784730_605.jpg,797,1351,952,1496,287
440,1785427_605.jpg,1862,1641,2030,1759,287
441,1785485_605.jpg,1355,1410,1523,1535,287
442,1791391_605.jpg,1189,1128,1340,1206,287
443,1791409_605.jpg,1194,1179,1321,1252,287
444,1791419_605.jpg,1249,996,1369,1085,287
445,1791477_605.jpg,1368,1113,1463,1169,287
446,1791519_605.jpg,1606,1342,1700,1417,287
447,1791546_605.jpg,1408,1222,1512,1300,287
448,1791627_605.jpg,1348,1108,1458,1186,287
449,1791661_605.jpg,1273,1146,1382,1227,287
450,1791679_605.jpg,1280,1298,1389,1356,287
451,1795440_605.jpg,1276,1046,1395,1116,287
452,1795482_605.jpg,1189,900,1312,972,287
453,1795492_605.jpg,1216,815,1327,910,287
454,1795892_605.jpg,1331,1253,1461,1346,287
455,1795894_605.jpg,1386,944,1500,1030,287
456,1795901_605.jpg,1258,1152,1389,1247,287
457,1795913_605.jpg,1414,1380,1551,1467,287
458,1795918_605.jpg,1413,1245,1541,1354,287
459,1795961_605.jpg,1348,1074,1486,1207,287
460,1795978_605.jpg,1281,1076,1389,1168,287
461,1796042_605.jpg,1190,1067,1328,1154,287
462,1796088_605.jpg,1276,937,1335,1069,297
463,1796113_605.jpg,1377,893,1436,1016,297
464,1796250_605.jpg,1451,1124,1567,1230,287
465,1796349_605.jpg,1721,921,1839,1007,290
466,1796355_605.jpg,1289,1234,1384,1332,290
467,1796384_605.jpg,1383,1163,1447,1296,290
468,1796392_605.jpg,1626,499,1710,594,290
469,1796397_605.jpg,1285,1132,1380,1219,290
470,1800835_605.jpg,1360,1009,1463,1072,287
471,1800835_605.jpg,1473,1031,1581,1110,287
472,1801388_605.jpg,1514,945,1645,1057,287
473,1801388_605.jpg,1392,904,1528,1005,287
474,1801816_605.jpg,1694,1179,1822,1248,287
475,1801816_605.jpg,1570,1112,1650,1179,287
476,1801819_605.jpg,1431,1350,1571,1446,287
477,1801819_605.jpg,1594,1276,1706,1353,287
478,1801828_605.jpg,1668,1260,1807,1312,287
479,1801828_605.jpg,1665,1161,1754,1239,287
480,1801874_605.jpg,1487,963,1643,1042,287
481,1801874_605.jpg,1503,863,1628,949,287
482,1803418_605.jpg,1842,982,1995,1105,287
483,1803418_605.jpg,1666,962,1837,1062,287
484,1803430_605.jpg,1494,813,1635,922,287
485,1803430_605.jpg,1666,846,1799,955,287
486,1803435_605.jpg,1788,656,1946,787,287
487,1803435_605.jpg,1608,627,1738,756,287
488,1805550_605.jpg,1007,1124,1174,1233,287
489,1805562_605.jpg,1577,1251,1694,1328,287
490,1805571_605.jpg,1579,1655,1723,1737,287
491,1806119_605.jpg,1899,1412,2055,1505,287
492,1806186_605.jpg,1242,1270,1429,1380,287
493,1806269_605.jpg,1633,1523,1794,1620,287
494,1806859_605.jpg,1944,1151,2091,1237,287
495,1806898_605.jpg,1627,1540,1750,1625,287
496,1807088_605.jpg,819,1630,998,1747,287
497,1809105_605.jpg,1434,945,1538,1077,297
498,1809107_605.jpg,1434,1047,1504,1186,297
499,1811077_605.jpg,1545,1128,1652,1204,292
500,1811110_605.jpg,1500,1455,1582,1565,292
501,1811435_605.jpg,1334,1064,1500,1114,292
502,1815933_605.jpg,1338,1054,1409,1135,292
503,1815990_605.jpg,1852,867,1936,1008,292
504,1816196_605.jpg,1371,1061,1439,1184,292
505,1817065_605.jpg,1361,982,1470,1083,285
506,1817238_605.jpg,1251,743,1388,826,285
507,1817270_605.jpg,1709,700,1844,829,285
508,1817719_605.jpg,1598,793,1755,938,285
509,1817785_605.jpg,1859,933,2028,1080,285
510,1818153_605.jpg,1377,1669,1547,1783,285
511,1818155_605.jpg,1381,1023,1491,1167,285
512,1818157_605.jpg,865,754,1015,879,285
513,1818233_605.jpg,1399,869,1495,997,285
514,1818267_605.jpg,1124,520,1243,652,285
515,1818328_605.jpg,1032,1315,1157,1474,285
516,1818336_605.jpg,1190,819,1320,934,285
517,1818361_605.jpg,1366,567,1507,678,285
518,1818367_605.jpg,971,878,1121,979,285
519,1818379_605.jpg,1958,1374,2121,1481,285
520,1829099_605.jpg,1607,1002,1672,1065,292
521,1829106_605.jpg,1410,860,1474,929,292
522,1829135_605.jpg,973,926,1041,996,292
523,1829246_605.jpg,1362,912,1435,1037,297
524,1829254_605.jpg,1472,1174,1530,1294,297
525,1829288_605.jpg,1521,1082,1587,1146,292
526,1829298_605.jpg,1518,1060,1588,1133,292
527,1829324_605.jpg,1365,1286,1471,1414,297
528,1829475_605.jpg,1437,901,1529,1042,297
529,1829502_605.jpg,1570,601,1647,684,292
530,1829565_605.jpg,1480,611,1539,690,292
531,1830349_605.jpg,1425,819,1501,920,292
532,1830496_605.jpg,1341,1165,1405,1251,292
533,1830520_605.jpg,1158,953,1231,1035,292
534,1830599_605.jpg,1370,739,1436,876,297
535,1830631_605.jpg,1543,592,1634,721,297
536,1830744_605.jpg,1491,1131,1578,1271,297
537,1830776_605.jpg,1635,1025,1711,1110,292
538,1830781_605.jpg,1399,1166,1479,1262,292
539,1830833_605.jpg,1319,1119,1385,1265,297
540,1830900_605.jpg,1350,1015,1432,1114,292
541,1830902_605.jpg,1449,1261,1530,1390,297
542,1830934_605.jpg,1416,1084,1489,1180,292
543,1830945_605.jpg,941,1174,1019,1319,297
544,1830951_605.jpg,1425,1348,1509,1496,297
545,1830953_605.jpg,1419,885,1497,974,292
546,1830955_605.jpg,1126,1231,1201,1314,292
547,1831209_605.jpg,1148,1129,1210,1282,297
548,1831562_605.jpg,1375,1104,1566,1233,285
549,1831565_605.jpg,972,1213,1132,1313,285
550,1831571_605.jpg,1661,1508,1808,1634,285
551,1831584_605.jpg,1351,1110,1531,1245,285
552,1831624_605.jpg,1434,467,1577,615,285
553,1831707_605.jpg,998,1062,1130,1158,285
554,1831738_605.jpg,1200,1081,1366,1181,285
555,1831784_605.jpg,1122,1210,1297,1319,285
556,1831796_605.jpg,1969,1220,2136,1386,285
557,1831941_605.jpg,1317,1344,1394,1480,297
558,1832093_605.jpg,1366,945,1421,1057,297
559,1832112_605.jpg,1112,1086,1309,1195,285
560,1832144_605.jpg,1926,1020,2105,1146,285
561,1832169_605.jpg,1319,764,1511,879,285
562,1832175_605.jpg,605,1471,785,1614,285
563,1832176_605.jpg,1433,1003,1521,1125,297
564,1832209_605.jpg,1628,1210,1749,1367,285
565,1832348_605.jpg,906,1314,1090,1427,285
566,1832431_605.jpg,1042,1347,1161,1517,285
567,1832485_605.jpg,1734,1399,1896,1562,285
568,1832641_605.jpg,1438,1077,1605,1210,285
569,1832655_605.jpg,1565,935,1732,1026,285
570,1832695_605.jpg,1298,1054,1452,1199,285
571,1832717_605.jpg,1510,1232,1633,1344,285
572,1832735_605.jpg,769,1116,939,1222,285
573,1832740_605.jpg,1187,1100,1277,1288,297
574,1832758_605.jpg,1422,943,1587,1047,297
575,1832821_605.jpg,1489,1105,1675,1246,285
576,1832852_605.jpg,1019,1506,1192,1643,285
577,1832857_605.jpg,1734,1375,1883,1545,285
578,1832899_605.jpg,1616,1273,1748,1397,285
579,1832954_605.jpg,1066,1132,1178,1285,285
580,1832966_605.jpg,1775,1431,1966,1563,285
581,1832970_605.jpg,1425,1012,1612,1122,285
582,1832974_605.jpg,791,1423,960,1593,285
583,1834041_605.jpg,1040,795,1214,852,292
584,1834076_605.jpg,1467,1172,1607,1260,292
585,1834078_605.jpg,1634,1469,1741,1589,292
586,1834187_605.jpg,1452,897,1528,983,297
587,1834472_605.jpg,1568,1302,1737,1425,292
588,1834496_605.jpg,1529,1307,1621,1467,292
589,1834509_605.jpg,1353,1539,1487,1646,292
590,1834577_605.jpg,1259,1443,1356,1555,292
591,1834580_605.jpg,1395,1079,1536,1157,292
592,1834948_605.jpg,1584,987,1753,1114,292
593,1835033_605.jpg,877,1240,1046,1315,292
594,1835052_605.jpg,1365,1182,1519,1227,292
595,1835063_605.jpg,1233,765,1389,811,292
596,1835358_605.jpg,1644,1126,1815,1222,292
597,1835371_605.jpg,1100,1116,1251,1184,292
598,1835406_605.jpg,1117,1017,1269,1052,292
599,1835497_605.jpg,1912,983,2052,1035,292
600,1835689_605.jpg,1769,1510,1960,1704,285
601,1835750_605.jpg,766,1491,946,1689,285
602,1835802_605.jpg,1472,1449,1638,1617,285
603,1835873_605.jpg,1259,1068,1368,1176,292
604,1835883_605.jpg,981,1362,1103,1473,292
605,1835952_605.jpg,1718,1134,1888,1204,292
606,1835976_605.jpg,1470,1037,1595,1143,292
607,1835979_605.jpg,1375,1255,1511,1323,292
608,1836005_605.jpg,973,1110,1156,1246,285
609,1836012_605.jpg,1920,1150,2097,1229,292
610,1836024_605.jpg,901,1114,996,1222,292
611,1836272_605.jpg,1713,1367,1812,1502,292
612,1836273_605.jpg,1720,1189,1858,1290,292
613,1836447_605.jpg,1524,693,1611,764,292
614,1836478_605.jpg,1575,570,1655,657,292
615,1836494_605.jpg,1583,729,1668,814,292
616,1836578_605.jpg,2282,718,2373,810,292
617,1836593_605.jpg,1126,698,1220,775,292
618,1836602_605.jpg,1186,1035,1348,1086,292
619,1836606_605.jpg,1527,793,1607,868,292
620,1836610_605.jpg,1471,945,1558,1024,292
621,1836619_605.jpg,1044,1091,1215,1149,292
622,1836654_605.jpg,1047,854,1143,999,297
623,1836677_605.jpg,1412,888,1470,998,297
624,1836878_605.jpg,1191,929,1323,1019,298
625,1836880_605.jpg,1804,663,1905,742,297
626,1837067_605.jpg,1443,896,1522,1011,297
627,1850441_605.jpg,1922,1614,2020,1740,285
628,1850443_605.jpg,1215,1399,1364,1566,285
629,1850470_605.jpg,1226,1364,1408,1481,285
630,1850473_605.jpg,970,1569,1085,1739,285
631,1850488_605.jpg,1042,1451,1155,1589,285
632,1850546_605.jpg,1266,1388,1443,1516,285
633,1850844_605.jpg,1090,1157,1214,1290,285
634,1850951_605.jpg,1060,1264,1185,1415,285
635,1851680_605.jpg,1214,1458,1376,1653,285
636,1851700_605.jpg,1261,1325,1377,1440,285
637,1851738_605.jpg,1645,1507,1742,1631,285
638,1851933_605.jpg,1020,985,1165,1132,285
639,1852345_605.jpg,978,1609,1119,1764,285
640,1852408_605.jpg,1353,1360,1443,1478,285
641,1852442_605.jpg,1540,680,1644,825,285
642,1852446_605.jpg,1249,1543,1439,1714,285
643,1852468_605.jpg,896,1109,1062,1216,285
644,1852605_605.jpg,829,1256,962,1399,285
645,1852975_605.jpg,1457,918,1610,1005,285
646,1853009_605.jpg,1866,939,1963,1056,285
647,1853050_605.jpg,1511,1461,1666,1638,285
648,1853440_605.jpg,1469,1008,1646,1121,285
649,1853466_605.jpg,1318,1128,1519,1251,285
650,1853506_605.jpg,959,891,1132,1006,285
651,1853729_605.jpg,1150,1343,1319,1477,285
652,1853734_605.jpg,1083,1548,1261,1661,285
653,1853751_605.jpg,1116,1323,1245,1457,285
654,1853934_605.jpg,1472,1018,1646,1188,285
655,1853937_605.jpg,1360,1235,1501,1413,285
656,1853957_605.jpg,1089,956,1240,1126,285
657,1854004_605.jpg,1434,579,1625,698,285
658,1854010_605.jpg,1908,1065,2038,1228,285
659,1854012_605.jpg,1304,964,1477,1104,285
660,1854015_605.jpg,1272,840,1399,999,285
661,1854174_605.jpg,1557,1613,1709,1762,285
662,1854204_605.jpg,1272,1288,1393,1451,285
663,1854213_605.jpg,1753,1437,1887,1595,285
664,1854326_605.jpg,1276,1312,1391,1473,285
665,1856719_605.jpg,1424,943,1574,1054,297
666,1856738_605.jpg,1233,976,1395,1067,297
667,1856756_605.jpg,1639,951,1778,1063,297
668,1856954_605.jpg,1309,874,1416,1006,297
669,1856972_605.jpg,1427,918,1516,1037,297
670,1857000_605.jpg,1433,624,1521,765,297
671,1857004_605.jpg,1401,958,1498,1080,297
672,1857023_605.jpg,1452,1066,1558,1189,297
673,1858105_605.jpg,635,554,756,666,288
674,1858114_605.jpg,950,367,1044,527,288
675,1858160_605.jpg,637,421,798,548,288
676,1858160_605.jpg,2174,314,2343,379,286
677,1858229_605.jpg,1707,793,1873,873,288
678,1858296_605.jpg,1444,515,1525,669,288
679,1858370_605.jpg,1926,1139,2069,1221,288
680,1858379_605.jpg,1382,583,1547,685,288
681,1858392_605.jpg,1640,1355,1785,1416,288
682,1859144_605.jpg,1242,612,1304,807,288
683,1859257_605.jpg,1623,628,1776,705,288
684,1859602_605.jpg,908,557,1041,699,288
685,1860000_605.jpg,1333,711,1499,794,288
686,1860049_605.jpg,1635,736,1774,852,288
687,1860319_605.jpg,954,758,1094,836,288
688,1860521_605.jpg,1217,610,1280,786,288
689,1860570_605.jpg,1739,1083,1816,1240,288
690,1860623_605.jpg,1530,542,1686,663,288
691,1860654_605.jpg,1540,739,1711,824,288
692,1860740_605.jpg,935,660,1092,774,288
693,1860826_605.jpg,966,915,1122,1041,288
694,1860863_605.jpg,1430,912,1568,1012,288
695,1861547_605.jpg,909,588,1049,711,288
696,1861560_605.jpg,1646,869,1759,1011,288
697,1861826_605.jpg,884,782,1019,942,288
698,1861842_605.jpg,1180,456,1240,619,288
699,1862071_605.jpg,537,380,595,551,288
700,1862091_605.jpg,465,769,546,916,288
701,1864227_605.jpg,1129,1165,1297,1289,297
702,1864449_605.jpg,897,827,1029,926,296
703,1864591_605.jpg,1026,1122,1172,1234,296
704,1864596_605.jpg,1102,1013,1234,1095,296
705,1864606_605.jpg,1129,1063,1272,1158,296
706,1864628_605.jpg,941,1128,1076,1209,296
707,1865208_605.jpg,758,813,939,878,288
708,1867726_605.jpg,1418,1025,1511,1162,297
709,1867733_605.jpg,1490,949,1563,1091,297
710,1867738_605.jpg,1244,1261,1321,1397,297
711,1867742_605.jpg,1524,1117,1613,1261,297
712,1867827_605.jpg,1643,1245,1774,1369,297
713,1867947_605.jpg,1381,1150,1482,1309,297
714,1867967_605.jpg,1534,1158,1610,1290,297
715,1868138_605.jpg,1532,720,1600,819,297
716,1868147_605.jpg,1426,880,1495,1016,297
717,1868259_605.jpg,1448,914,1544,1075,297
718,1868263_605.jpg,1374,970,1456,1125,297
719,1868272_605.jpg,1315,1110,1428,1276,297
720,1868357_605.jpg,1320,1497,1442,1627,297
721,1868399_605.jpg,1385,886,1466,1041,297
722,1868413_605.jpg,1444,382,1556,499,297
723,1868415_605.jpg,1564,529,1650,627,297
724,1868418_605.jpg,1449,673,1523,813,297
725,1868475_605.jpg,1060,890,1186,1032,297
726,1868522_605.jpg,1279,898,1426,968,297
727,1868530_605.jpg,1595,1357,1697,1505,297
728,1868549_605.jpg,1370,1012,1481,1127,297
729,1869657_605.jpg,1916,1622,2046,1783,297
730,1869684_605.jpg,1373,979,1460,1144,297
731,1869698_605.jpg,1251,1008,1357,1152,297
732,1870150_605.jpg,1380,852,1468,1000,297
733,1870198_605.jpg,1390,858,1519,1036,297
734,1870523_605.jpg,1585,1759,1718,1864,296
735,1870524_605.jpg,1426,937,1519,1026,296
736,1870525_605.jpg,1761,1053,1922,1153,296
737,1870565_605.jpg,1671,1677,1793,1766,296
738,1871108_605.jpg,1274,1129,1385,1207,296
739,1871123_605.jpg,1640,1537,1772,1634,296
740,1871148_605.jpg,1395,1325,1523,1403,296
741,1871156_605.jpg,1433,1473,1591,1599,296
742,1871591_605.jpg,1837,1673,1981,1755,296
743,1871640_605.jpg,1245,1690,1375,1809,296
744,1871657_605.jpg,865,1070,1012,1173,296
745,1871672_605.jpg,990,1055,1141,1142,296
746,1872660_605.jpg,1434,1206,1581,1328,296
747,1872717_605.jpg,1407,1312,1561,1407,296
748,1873034_605.jpg,1521,887,1666,1030,296
749,1873239_605.jpg,1322,916,1487,1009,296
750,1876269_605.jpg,1462,878,1520,1064,288
751,1878522_605.jpg,1404,1077,1535,1140,295
752,1878554_605.jpg,1230,1168,1321,1207,295
753,1878580_605.jpg,1840,1400,1939,1463,295
754,1878583_605.jpg,2056,1131,2168,1188,295
755,1878934_605.jpg,1265,1462,1358,1509,295
756,1879059_605.jpg,1286,1091,1402,1156,295
757,1879073_605.jpg,1402,1178,1498,1233,295
758,1879915_605.jpg,1361,1030,1433,1066,295
759,1879933_605.jpg,1052,1293,1167,1367,295
760,1879938_605.jpg,1834,1228,1928,1274,295
761,1879958_605.jpg,1188,1184,1314,1239,295
762,1879966_605.jpg,1100,1222,1223,1298,295
763,1879998_605.jpg,1446,893,1540,946,295
764,1880020_605.jpg,1442,1131,1548,1193,295
765,1880805_605.jpg,1178,922,1270,956,295
766,1880883_605.jpg,1257,1402,1357,1457,295
767,1880898_605.jpg,1045,1447,1197,1529,295
768,1880931_605.jpg,1264,1060,1372,1168,295
769,1880942_605.jpg,798,956,944,1118,295
770,1880962_605.jpg,1156,1138,1247,1181,295
771,1880967_605.jpg,1654,1339,1759,1406,295
772,1880971_605.jpg,1116,1125,1213,1169,295
773,1880973_605.jpg,865,1382,985,1445,295
774,1881077_605.jpg,1340,1055,1428,1095,295
775,1881103_605.jpg,1380,1118,1502,1172,295
776,1881104_605.jpg,1121,1088,1286,1170,295
777,1881106_605.jpg,1199,1212,1293,1259,295
778,1881120_605.jpg,1051,1131,1181,1205,295
779,1881121_605.jpg,867,1011,985,1063,295
780,1881123_605.jpg,1446,1126,1539,1180,295
781,1881125_605.jpg,1741,1082,1860,1161,295
782,1881133_605.jpg,1121,1074,1222,1123,295
783,1881138_605.jpg,587,722,714,785,295
784,1881160_605.jpg,1133,1303,1230,1365,295
785,1881179_605.jpg,1229,1096,1335,1151,295
786,1881181_605.jpg,1296,985,1386,1029,295
787,1881185_605.jpg,1256,1166,1352,1218,295
788,1881444_605.jpg,1301,1234,1404,1289,295
789,1881670_605.jpg,1336,1490,1433,1548,295
790,1881687_605.jpg,726,1394,858,1466,295
791,1881701_605.jpg,1300,1380,1407,1442,295
792,1881710_605.jpg,1544,1296,1641,1338,295
793,1881762_605.jpg,841,934,947,977,295
794,1881801_605.jpg,1101,1237,1220,1294,295
795,1882018_605.jpg,1418,1174,1504,1221,295
796,1882022_605.jpg,1170,915,1265,970,295
797,1882054_605.jpg,1117,1020,1228,1078,295
798,1882069_605.jpg,1280,1078,1414,1127,295
799,1882078_605.jpg,1477,1165,1618,1224,295
800,1882106_605.jpg,1679,1299,1797,1364,295
801,1884454_605.jpg,1136,959,1184,1087,288
802,1884460_605.jpg,1416,1002,1465,1133,288
803,1884464_605.jpg,1012,1027,1062,1145,288
804,1884478_605.jpg,1385,1057,1424,1158,288
805,1884498_605.jpg,1413,1083,1453,1192,288
806,1884502_605.jpg,1389,1155,1436,1263,288
807,1884523_605.jpg,1386,951,1430,1058,288
808,1884541_605.jpg,1471,1585,1513,1705,288
809,1884985_605.jpg,1618,955,1660,1063,288
810,1885058_605.jpg,1473,890,1513,997,288
811,1885085_605.jpg,1229,1109,1272,1212,288
812,1885086_605.jpg,1461,888,1502,993,288
813,1885101_605.jpg,1381,965,1417,1064,288
814,1885108_605.jpg,1338,950,1374,1050,288
815,1885177_605.jpg,1613,834,1660,951,288
816,1885179_605.jpg,1398,872,1443,982,288
817,1885183_605.jpg,1515,873,1550,965,288
818,1885207_605.jpg,1367,888,1407,994,288
819,1885250_605.jpg,1515,917,1563,1034,288
820,1885269_605.jpg,1497,878,1533,979,288
821,1885272_605.jpg,1453,1023,1497,1143,288
822,1885283_605.jpg,1346,1123,1394,1253,288
823,1885299_605.jpg,1370,897,1421,1032,288
824,1885300_605.jpg,1291,921,1335,1040,288
825,1885314_605.jpg,1433,840,1481,964,288
826,1885333_605.jpg,1276,915,1358,1060,288
827,1885337_605.jpg,1515,932,1561,1046,288
828,1885618_605.jpg,1005,493,1069,587,297
829,1885658_605.jpg,1514,969,1605,1097,297
830,1885687_605.jpg,1269,558,1389,695,297
831,1885760_605.jpg,1453,886,1530,1021,297
832,1885774_605.jpg,1581,1137,1659,1256,297
833,1885793_605.jpg,1539,1202,1632,1340,297
834,1885806_605.jpg,1689,966,1757,1072,297
835,1885820_605.jpg,1368,965,1447,1110,297
836,1885838_605.jpg,956,1195,1047,1320,297
837,1885924_605.jpg,1347,903,1414,1010,297
838,1885961_605.jpg,1671,684,1807,821,297
839,1886014_605.jpg,1343,899,1434,1029,297
840,1886018_605.jpg,1559,1067,1650,1205,297
841,1886073_605.jpg,1616,913,1688,1019,297
842,1886741_605.jpg,1196,1059,1262,1233,288
843,1886833_605.jpg,1242,939,1296,1081,288
844,1886878_605.jpg,1446,887,1499,1028,288
845,1886908_605.jpg,1428,960,1482,1099,288
846,1888707_605.jpg,994,941,1075,1109,288
847,1888781_605.jpg,1138,1257,1236,1435,288
848,1888886_605.jpg,1357,1001,1506,1139,293
849,1889000_605.jpg,1307,947,1448,1069,293
850,1889002_605.jpg,1342,972,1464,1103,293
851,1889474_605.jpg,1340,896,1403,1064,288
852,1889479_605.jpg,1302,1026,1372,1186,288
853,1889488_605.jpg,1306,1036,1364,1180,288
854,1889505_605.jpg,1028,1417,1117,1603,288
855,1889883_605.jpg,1552,851,1618,1030,288
856,1897631_605.jpg,1583,583,1720,693,296
857,1897631_605.jpg,1865,586,1979,697,296
858,1897632_605.jpg,1511,805,1621,901,296
859,1897632_605.jpg,1788,810,1935,903,296
860,1897695_605.jpg,1571,1105,1754,1294,296
861,1897695_605.jpg,1327,1060,1488,1235,296
862,1897700_605.jpg,1267,881,1406,1020,296
863,1897700_605.jpg,1490,1154,1625,1306,296
864,1897785_605.jpg,1513,930,1597,1119,288
865,1898110_605.jpg,1393,1229,1479,1371,288
866,1898132_605.jpg,1201,1408,1275,1572,288
867,1898139_605.jpg,1424,1017,1544,1198,288
868,1898161_605.jpg,1333,1167,1404,1347,288
869,1898268_605.jpg,1423,767,1512,955,288
870,1898279_605.jpg,1361,889,1490,1083,288
871,1898299_605.jpg,1151,1079,1254,1283,288
872,1898302_605.jpg,1403,1244,1465,1411,288
873,1898417_605.jpg,1396,1174,1454,1320,288
874,1898424_605.jpg,1290,805,1358,974,288
875,1898629_605.jpg,1381,767,1471,823,296
876,1898629_605.jpg,1538,817,1645,880,296
877,1898678_605.jpg,1618,1216,1713,1292,296
878,1898678_605.jpg,1690,1332,1821,1429,296
879,1898684_605.jpg,1175,1023,1291,1085,293
880,1898695_605.jpg,1235,1150,1338,1258,293
881,1898705_605.jpg,1123,947,1226,1044,293
882,1899905_605.jpg,1737,1021,1884,1166,293
883,1899908_605.jpg,1654,1335,1809,1461,293
884,1899909_605.jpg,1289,1127,1435,1251,293
885,1899911_605.jpg,1240,1370,1379,1486,293
886,1899995_605.jpg,1365,1164,1509,1269,293
887,1900021_605.jpg,1231,975,1362,1112,293
888,1900082_605.jpg,986,954,1150,1106,293
889,1900252_605.jpg,1156,1314,1318,1457,293
890,1900261_605.jpg,1533,1346,1689,1504,293
891,1900265_605.jpg,1780,1314,1951,1418,293
892,1900274_605.jpg,1484,1119,1609,1257,293
893,1900276_605.jpg,1379,1368,1537,1476,293
894,1900279_605.jpg,1339,983,1460,1104,293
895,1900349_605.jpg,1462,987,1591,1097,293
896,1900355_605.jpg,1060,378,1193,500,293
897,1900363_605.jpg,1379,955,1520,1102,293
898,1900383_605.jpg,1464,941,1600,1095,293
899,1900476_605.jpg,1376,773,1511,911,293
900,1900491_605.jpg,1348,764,1470,899,293
901,1900497_605.jpg,1271,610,1404,680,293
902,1900500_605.jpg,883,1218,1004,1318,296
903,1900500_605.jpg,1162,1276,1265,1351,296
904,1900529_605.jpg,1185,979,1314,1055,296
905,1900529_605.jpg,1512,983,1624,1056,296
906,1900539_605.jpg,713,958,854,1042,296
907,1900539_605.jpg,913,938,1036,1018,296
908,1900569_605.jpg,1349,822,1480,880,293
909,1900742_605.jpg,1612,580,1703,672,293
910,1900826_605.jpg,1329,1218,1428,1284,296
911,1900826_605.jpg,1379,1270,1510,1349,296
912,1900833_605.jpg,1308,1085,1413,1168,293
913,1900849_605.jpg,1635,1195,1799,1338,296
914,1900849_605.jpg,1518,1026,1666,1163,296
915,1901110_605.jpg,1525,1193,1692,1358,296
916,1901110_605.jpg,1756,1095,1883,1221,296
917,1901113_605.jpg,1335,1084,1470,1216,296
918,1901113_605.jpg,1628,973,1762,1091,296
919,1901164_605.jpg,2032,933,2156,1052,296
920,1901164_605.jpg,1718,906,1838,1003,296
921,1901188_605.jpg,1092,920,1213,1046,296
922,1901188_605.jpg,1769,914,1910,1037,296
923,1901206_605.jpg,1314,1039,1479,1157,296
924,1901206_605.jpg,1400,883,1545,974,296
925,1901382_605.jpg,1166,1352,1319,1483,296
926,1901382_605.jpg,1575,1379,1712,1508,296
927,1901428_605.jpg,1723,616,1875,746,293
928,1901433_605.jpg,1205,353,1335,453,293
929,1901443_605.jpg,1639,724,1777,810,296
930,1901443_605.jpg,1861,646,1973,734,296
931,1901459_605.jpg,1292,1624,1372,1720,296
932,1901459_605.jpg,1609,1557,1714,1649,296
933,1901543_605.jpg,1611,1404,1731,1493,296
934,1901543_605.jpg,1682,1291,1802,1384,296
935,1901553_605.jpg,1432,1219,1551,1309,296
936,1901553_605.jpg,1687,1228,1777,1314,296
937,1901557_605.jpg,1527,1487,1607,1569,296
938,1901557_605.jpg,1706,1601,1808,1672,296
939,1901687_605.jpg,1431,1194,1562,1303,296
940,1901687_605.jpg,1260,1049,1365,1143,296
941,1901721_605.jpg,2017,983,2133,1069,296
942,1901721_605.jpg,2230,1092,2350,1192,296
943,1901739_605.jpg,754,1128,873,1220,296
944,1901739_605.jpg,768,951,884,1042,296
945,1901743_605.jpg,1545,973,1690,1097,296
946,1901743_605.jpg,1349,959,1469,1068,296
947,1901764_605.jpg,1558,1538,1668,1659,296
948,1901764_605.jpg,1213,1519,1341,1644,296
949,1901820_605.jpg,1307,1167,1440,1267,296
950,1901820_605.jpg,1703,1182,1793,1288,296
951,1901888_605.jpg,1252,1255,1357,1370,296
952,1901888_605.jpg,1608,1294,1758,1413,296
953,1901953_605.jpg,1265,915,1403,1047,296
954,1901953_605.jpg,1445,942,1617,1081,296
955,1903189_605.jpg,1032,873,1197,999,293
956,1903304_605.jpg,1179,481,1356,609,293
957,1904836_605.jpg,1821,1431,1947,1520,293
958,1905065_605.jpg,1682,1328,1757,1462,293
959,1905070_605.jpg,1096,1226,1233,1316,293
960,1905073_605.jpg,797,512,888,577,293
961,1905084_605.jpg,2137,1369,2247,1421,293
962,1906811_605.jpg,1300,986,1496,1061,293
963,1907837_605.jpg,501,1567,649,1697,293
964,1907891_605.jpg,1841,1284,1981,1374,293
965,1907909_605.jpg,1077,1327,1223,1412,293
966,1907945_605.jpg,917,1477,1045,1576,293
967,1907958_605.jpg,1020,1361,1159,1462,293
968,1908125_605.jpg,2074,1352,2222,1433,293
969,1908141_605.jpg,1913,1564,2040,1660,293
970,1908153_605.jpg,1784,1227,1917,1323,293
971,1908177_605.jpg,931,993,1014,1128,293
972,1910137_605.jpg,1178,1527,1307,1639,293
973,1911230_605.jpg,1038,973,1178,1061,293
974,1911233_605.jpg,1466,1281,1605,1362,293
975,1911266_605.jpg,1633,1017,1770,1096,293
976,1911267_605.jpg,2009,1557,2154,1645,293
977,1911272_605.jpg,1625,1174,1763,1253,293
978,1911275_605.jpg,1001,1004,1134,1094,293
979,1911285_605.jpg,1795,889,1881,997,293
980,1911290_605.jpg,1488,1142,1638,1225,293
981,1911297_605.jpg,1538,1367,1691,1458,293
982,1911298_605.jpg,1745,1559,1894,1674,293
983,1911304_605.jpg,1819,1186,1980,1277,293
984,1911332_605.jpg,921,976,1065,1058,293
985,1911336_605.jpg,2030,1670,2124,1805,293
986,1912312_605.jpg,1331,1196,1468,1274,293
987,1912314_605.jpg,1494,1408,1621,1489,293
988,1912321_605.jpg,1532,1226,1669,1316,293
989,1912489_605.jpg,1478,949,1593,1007,293
990,1912494_605.jpg,1444,1033,1513,1111,293
991,1912514_605.jpg,1412,909,1538,970,293
992,1912515_605.jpg,1513,942,1606,985,293
993,1912518_605.jpg,1352,889,1451,929,293
994,1912543_605.jpg,1363,965,1456,1021,293
995,1912555_605.jpg,1301,888,1407,932,293
996,1912557_605.jpg,1509,989,1586,1048,293
997,1912605_605.jpg,1418,1096,1487,1151,293
998,1912948_605.jpg,1447,1040,1501,1090,293
999,1912957_605.jpg,1461,890,1523,959,293
1000,1912970_605.jpg,1426,1129,1520,1169,293
1001,1913032_605.jpg,1445,1040,1524,1137,293
1002,1913033_605.jpg,1416,1095,1519,1143,293
1003,1913054_605.jpg,1334,945,1433,991,293
1004,1913066_605.jpg,1345,1073,1419,1176,293
1005,1913073_605.jpg,1361,1088,1464,1131,293
1006,1913088_605.jpg,1285,1300,1395,1346,293
1007,1913155_605.jpg,2123,1060,2303,1156,293
1008,1913156_605.jpg,1001,1425,1139,1522,293
1009,1913536_605.jpg,1220,638,1331,737,293
1010,1913541_605.jpg,1475,725,1614,861,293
1011,1913550_605.jpg,1062,881,1207,1006,293
1012,1913568_605.jpg,692,1441,820,1572,293
1013,1914990_605.jpg,1821,1805,2003,1912,293
1014,1915002_605.jpg,1413,1280,1556,1425,293
1015,1915022_605.jpg,1357,1018,1509,1102,293
1016,1915062_605.jpg,1345,1115,1510,1226,293
1017,1915169_605.jpg,1295,1147,1466,1222,293
1018,1915357_605.jpg,877,1031,1067,1111,293
1019,1915371_605.jpg,936,1204,1060,1303,293
1020,1915383_605.jpg,1378,905,1562,989,293
1021,1915385_605.jpg,1525,999,1693,1058,293
1022,1915391_605.jpg,1012,922,1160,1011,293
1023,1915393_605.jpg,1382,1047,1505,1158,293
1024,1916340_605.jpg,1298,1334,1482,1418,293
1025,1916362_605.jpg,1104,1466,1251,1532,293
1026,1916384_605.jpg,1309,817,1477,911,293
1027,1916388_605.jpg,1046,1283,1190,1338,293
1028,1916404_605.jpg,1518,1151,1682,1235,293
1029,1916412_605.jpg,1519,1103,1660,1215,293
1030,1941580_605.jpg,1306,1021,1453,1116,294
1031,1941631_605.jpg,1192,645,1351,709,294
1032,1941633_605.jpg,1363,1515,1557,1594,294
1033,1941936_605.jpg,1436,1352,1600,1426,294
1034,1942022_605.jpg,791,493,950,566,294
1035,1942039_605.jpg,981,517,1145,604,294
1036,1942105_605.jpg,1348,1255,1473,1322,294
1037,1942232_605.jpg,1455,633,1613,694,294
1038,1942276_605.jpg,885,1276,1069,1342,294
1039,1942306_605.jpg,1341,562,1519,653,294
1040,1942322_605.jpg,1470,651,1631,699,294
1041,1942496_605.jpg,1784,529,1943,591,294
1042,1942498_605.jpg,1343,459,1505,543,294
1043,1942505_605.jpg,1237,516,1403,591,294
1044,1942512_605.jpg,323,1101,471,1163,294
1045,1942525_605.jpg,688,735,849,834,294
1046,1942797_605.jpg,1460,605,1634,658,294
1047,1942826_605.jpg,1508,507,1668,579,294
1048,1942835_605.jpg,1434,960,1595,1040,294
1049,1942890_605.jpg,1422,632,1576,708,294
1050,1942904_605.jpg,1445,392,1617,466,294
1051,1943334_605.jpg,1382,772,1484,848,294
1052,1943367_605.jpg,1461,742,1640,801,294
1053,1943842_605.jpg,1791,606,1983,684,294
1054,1943856_605.jpg,867,765,1045,839,294
1055,1943874_605.jpg,1486,589,1653,661,294
1056,1943892_605.jpg,1565,675,1724,746,294
1057,1943900_605.jpg,1400,1157,1573,1203,294
1058,1943905_605.jpg,1261,627,1433,712,294
1059,1948448_605.jpg,1130,1101,1288,1140,294
1060,1948450_605.jpg,2078,1022,2227,1106,294
1061,1948473_605.jpg,650,685,797,751,294
1062,1948477_605.jpg,1810,797,1975,865,294
1063,1948501_605.jpg,1730,558,1877,633,294
1064,1948505_605.jpg,886,422,1084,496,294
1065,1948526_605.jpg,1399,496,1535,557,294
1066,1948672_605.jpg,1337,1235,1525,1295,294
1067,1948769_605.jpg,987,182,1172,245,294
1068,1948843_605.jpg,1487,621,1663,716,294
1069,1948848_605.jpg,1398,393,1566,481,294
1070,1948866_605.jpg,1205,738,1374,829,294
1071,1950986_605.jpg,1305,781,1483,874,294
1072,1951037_605.jpg,1457,886,1616,965,294
1073,1951046_605.jpg,1501,723,1692,788,294
1074,1951243_605.jpg,1646,357,1790,420,294
1075,1951251_605.jpg,1252,1135,1382,1225,294
1076,1951261_605.jpg,1487,623,1659,717,294
1077,1951323_605.jpg,1880,839,2058,906,294
1078,1951324_605.jpg,1519,725,1664,802,294
1079,1954414_605.jpg,1795,561,1980,615,294
1080,1954415_605.jpg,1477,451,1630,547,294
1081,1954418_605.jpg,1406,1397,1583,1494,294
1082,1954504_605.jpg,1527,1044,1689,1115,294
1083,1954507_605.jpg,1541,1479,1732,1543,294
1084,1954582_605.jpg,1459,1379,1610,1464,294
1085,1954598_605.jpg,1691,830,1825,905,294
1086,1956906_605.jpg,1327,1018,1502,1090,294
1087,1958972_605.jpg,1030,613,1157,677,294
1088,1958980_605.jpg,1436,733,1585,805,294
1089,1958987_605.jpg,1803,628,1962,691,294
1090,1959022_605.jpg,287,764,437,853,294
1091,1959044_605.jpg,1578,740,1722,814,294
1092,1959052_605.jpg,1609,835,1780,921,294
1093,1959054_605.jpg,1306,886,1498,941,294
1094,1959116_605.jpg,1478,334,1670,398,294
1095,1959119_605.jpg,1412,285,1585,386,294
1096,1959120_605.jpg,1566,577,1745,650,294
1097,1959147_605.jpg,1439,477,1558,547,294
1098,1959155_605.jpg,1296,546,1471,654,294
1099,1959156_605.jpg,1453,726,1628,832,294
1100,1959174_605.jpg,1364,452,1558,564,294
1101,1959179_605.jpg,1526,727,1673,814,294
1102,1959181_605.jpg,1402,809,1571,903,294
1103,1959185_605.jpg,1207,761,1359,846,294
1104,1959190_605.jpg,1082,780,1220,861,294
1105,1959204_605.jpg,1609,665,1767,753,294
1106,1959207_605.jpg,1857,550,2009,622,294
1107,1959208_605.jpg,1933,505,2102,592,294
1108,1961443_605.jpg,1917,1081,2088,1207,295
1109,1961495_605.jpg,1723,1259,1922,1404,295
1110,1961583_605.jpg,1690,893,1880,1014,295
1111,1961585_605.jpg,1579,601,1752,708,295
1112,1961588_605.jpg,1428,1306,1583,1432,295
1113,1961637_605.jpg,1462,1423,1654,1563,295
1114,1961801_605.jpg,993,1275,1175,1399,295
1115,1961811_605.jpg,1040,1633,1217,1759,295
1116,1961828_605.jpg,1400,1087,1563,1201,295
1117,1961845_605.jpg,1189,1438,1362,1538,295
1118,1961850_605.jpg,1656,1092,1829,1214,295
1119,1961878_605.jpg,1263,1177,1417,1283,295
1120,1961883_605.jpg,1512,1251,1699,1387,295
1121,1961885_605.jpg,1431,1258,1630,1414,295
1122,1961887_605.jpg,1096,1111,1264,1226,295
1123,1961891_605.jpg,1015,1383,1174,1492,295
1124,1961903_605.jpg,1597,1448,1762,1562,295
1125,1961904_605.jpg,1424,1390,1583,1512,295
1126,1961907_605.jpg,1002,1538,1168,1652,295
1127,1961909_605.jpg,1773,1336,1933,1444,295
1128,1961921_605.jpg,1664,1566,1835,1681,295
1129,1961922_605.jpg,1621,1621,1781,1720,295
1130,1961983_605.jpg,1386,1144,1562,1247,295
1131,1965183_605.jpg,1462,961,1549,1024,294
1132,1965191_605.jpg,1226,1261,1360,1315,294
1133,1966188_605.jpg,1363,879,1494,941,294
1134,1966216_605.jpg,1436,1232,1520,1283,294
1135,1966543_605.jpg,1605,864,1687,920,294
1136,1966558_605.jpg,1530,1654,1700,1776,295
1137,1966633_605.jpg,1539,860,1647,947,294
1138,1966636_605.jpg,1487,1348,1619,1430,295
1139,1966641_605.jpg,1358,1151,1501,1245,295
1140,1966675_605.jpg,1709,1471,1873,1589,295
1141,1966685_605.jpg,1014,1561,1194,1711,295
1142,1966819_605.jpg,1483,1140,1609,1227,295
1143,1967110_605.jpg,1452,949,1564,1018,294
1144,1970327_605.jpg,1945,1225,2096,1311,295
1145,1970350_605.jpg,1355,1470,1480,1564,295
1146,1970379_605.jpg,1709,1407,1845,1496,295
1147,1970396_605.jpg,1518,1350,1668,1450,295
1148,1970529_605.jpg,1701,1351,1840,1442,295
1149,1970552_605.jpg,1520,1255,1656,1348,295
1150,1970577_605.jpg,2210,1054,2374,1159,295
1151,1970579_605.jpg,1610,1122,1759,1215,295
1152,1970586_605.jpg,1814,1586,1973,1704,295
1153,1970592_605.jpg,1620,1432,1763,1535,295
1154,1970606_605.jpg,1579,1560,1730,1655,295
1155,1971454_605.jpg,1504,888,1648,963,294
1156,1971461_605.jpg,1831,883,1993,979,294
1157,1971490_605.jpg,1523,675,1671,759,294
1158,1971494_605.jpg,1227,761,1395,868,294
1159,1971517_605.jpg,1745,635,1946,746,294
1160,1971540_605.jpg,1391,375,1584,490,294
1161,2020879_605.jpg,1715,1139,1894,1268,295
1162,2020884_605.jpg,1242,969,1458,1153,295
1163,2020912_605.jpg,1752,1557,1897,1655,295
1164,2021011_605.jpg,1558,1428,1701,1526,295
1165,2021017_605.jpg,1310,1542,1469,1647,295
1166,2021028_605.jpg,1446,1547,1599,1652,295
1167,2021061_605.jpg,2002,1497,2180,1609,295
1168,2021064_605.jpg,1897,1265,2065,1350,295
1169,2021080_605.jpg,1425,1445,1635,1576,295
1170,2022582_605.jpg,1435,365,1496,488,298
1171,2022590_605.jpg,2540,314,2635,411,298
1172,2022604_605.jpg,2038,306,2115,437,298
1173,2023586_605.jpg,2451,374,2542,482,298
1174,2023603_605.jpg,1411,524,1536,623,298
1175,2023667_605.jpg,2319,1196,2427,1282,298
1176,2025032_605.jpg,659,902,795,1029,289
1177,2025039_605.jpg,1322,1010,1470,1158,289
1178,2025051_605.jpg,1201,868,1330,998,289
1179,2025103_605.jpg,1135,920,1233,1016,289
1180,2025116_605.jpg,1218,990,1321,1094,289
1181,2025159_605.jpg,1197,946,1307,1058,289
1182,2025161_605.jpg,1501,1074,1614,1186,289
1183,2025168_605.jpg,1437,1233,1535,1332,289
1184,2025269_605.jpg,1170,950,1334,1111,289
1185,2025342_605.jpg,1226,989,1368,1132,289
1186,2025354_605.jpg,1341,842,1503,1004,289
1187,2025371_605.jpg,1147,887,1308,1047,289
1188,2030307_605.jpg,1211,1255,1393,1381,295
1189,2030322_605.jpg,1383,1157,1504,1227,295
1190,2030322_605.jpg,0,1277,88,1546,293
1191,2030342_605.jpg,1576,656,1769,741,295
1192,2043328_605.jpg,1314,1044,1496,1233,289
1193,2043331_605.jpg,1414,953,1588,1134,289
1194,2043390_605.jpg,1473,885,1631,1044,289
1195,2043399_605.jpg,1297,872,1478,1052,289
1196,2043401_605.jpg,1308,278,1455,436,289
1197,2043418_605.jpg,1021,924,1177,1079,289
1198,2043576_605.jpg,1210,875,1397,1065,289
1199,2043666_605.jpg,1084,889,1270,1072,289
1200,2056898_605.jpg,1444,756,1545,840,290
1201,2056934_605.jpg,2001,1073,2101,1157,290
1202,2056983_605.jpg,1343,1340,1455,1410,290
1203,2056998_605.jpg,1561,703,1675,777,290
1204,2057021_605.jpg,1471,1176,1531,1273,290
1205,2057040_605.jpg,1660,762,1755,863,290
1206,2057048_605.jpg,1180,818,1295,871,290
1207,2057060_605.jpg,1482,714,1572,777,290
1208,2057064_605.jpg,981,753,1088,796,290
1209,2057097_605.jpg,1180,604,1283,678,290
1210,2057160_605.jpg,1494,957,1574,1033,290
1211,2057168_605.jpg,1965,898,2035,996,290
1212,2057180_605.jpg,1642,1013,1729,1093,290
1213,2057183_605.jpg,628,937,739,983,290
1214,2057184_605.jpg,1853,1096,1962,1173,290
1215,2057195_605.jpg,883,1314,1003,1389,290
1216,2057203_605.jpg,2143,1080,2243,1141,290
1217,2057394_605.jpg,2069,645,2168,751,290
1218,2057414_605.jpg,1624,1399,1701,1496,290
1219,2065291_605.jpg,1717,1066,1825,1166,298
1220,2065311_605.jpg,1432,1224,1525,1351,298
1221,2066163_605.jpg,1784,625,1908,679,288
1222,2066266_605.jpg,1384,1157,1499,1234,288
1223,2066268_605.jpg,1201,1141,1326,1253,288
1224,2066292_605.jpg,1398,1202,1512,1268,288
1225,2066310_605.jpg,1390,1622,1500,1682,288
1226,2066322_605.jpg,1703,1054,1749,1159,288
1227,2066331_605.jpg,1499,1244,1627,1375,288
1228,2066354_605.jpg,978,601,1095,664,288
1229,2066416_605.jpg,1695,1019,1741,1145,288
1230,2066437_605.jpg,1453,1137,1571,1198,288
1231,2066455_605.jpg,1239,1076,1356,1159,288
1232,2066467_605.jpg,1070,841,1120,973,288
1233,2066509_605.jpg,773,1323,823,1445,288
1234,2067230_605.jpg,2015,1161,2060,1275,288
1235,2067231_605.jpg,1583,1129,1631,1250,288
1236,2067243_605.jpg,1347,1246,1472,1343,288
1237,2067251_605.jpg,2119,1428,2247,1499,288
1238,2067265_605.jpg,1690,1183,1743,1302,288
1239,2072260_605.jpg,512,145,632,269,298
1240,2072261_605.jpg,857,418,966,519,298
1241,2072279_605.jpg,2368,493,2445,603,298
1242,2072283_605.jpg,202,301,277,414,298
1243,2072284_605.jpg,1521,673,1579,796,298
1244,2072294_605.jpg,1009,280,1111,346,298
1245,2072301_605.jpg,2336,237,2403,331,298
1246,2076949_605.jpg,1408,348,1482,460,298
1247,2078649_605.jpg,2185,497,2293,631,298
1248,2078660_605.jpg,1286,754,1350,861,298
1249,2078732_605.jpg,491,370,586,506,298
1250,2078836_605.jpg,2181,312,2271,427,298
1251,2078868_605.jpg,1911,350,1988,472,298
1252,2078926_605.jpg,357,256,475,362,298
1253,2078986_605.jpg,272,532,396,649,298
1254,2078988_605.jpg,667,313,757,437,298
1255,2079007_605.jpg,1495,393,1573,529,298
1256,2079040_605.jpg,1494,1397,1592,1513,298
1257,2079088_605.jpg,1477,397,1543,532,298
1258,2079090_605.jpg,935,529,1050,636,298
1259,2079091_605.jpg,1306,265,1420,398,298
1260,2079092_605.jpg,2301,425,2368,558,298
1261,2090242_605.jpg,2205,433,2282,561,298
1262,2090254_605.jpg,2255,255,2382,408,298
1263,2090256_605.jpg,1387,194,1470,312,298
1264,2090327_605.jpg,2470,229,2572,374,298
1265,2090331_605.jpg,516,373,612,482,298
1266,2090375_605.jpg,1527,334,1585,439,298
1267,2090378_605.jpg,1406,501,1467,617,298
1268,2090634_605.jpg,954,541,1071,626,298
1269,2090739_605.jpg,1843,920,1916,1036,298
1270,2090743_605.jpg,2079,781,2155,891,298
1271,2090745_605.jpg,728,284,800,410,298
1272,2090769_605.jpg,735,476,832,577,298
1273,2090778_605.jpg,1386,149,1426,262,298
1274,2090812_605.jpg,674,405,747,529,298
1275,2090838_605.jpg,1476,473,1591,567,298
1276,2090888_605.jpg,1104,330,1210,461,298
1277,2090892_605.jpg,1626,345,1693,460,298
1278,2098577_605.jpg,1352,1029,1446,1063,286
1279,2098707_605.jpg,1363,1028,1445,1073,286
1280,2098724_605.jpg,1359,1023,1447,1070,286
1281,2098739_605.jpg,1372,1013,1450,1053,286
1282,2098740_605.jpg,1372,1022,1439,1062,286
1283,2098831_605.jpg,1375,1023,1443,1064,286
1284,2098845_605.jpg,1346,1026,1452,1064,286
1285,2098860_605.jpg,1364,1030,1436,1061,286
1286,2098903_605.jpg,1366,1023,1428,1060,286
1287,2098943_605.jpg,1153,1226,1270,1327,286
1288,2098956_605.jpg,1359,1034,1437,1070,286
1289,2098976_605.jpg,1363,1011,1409,1065,286
1290,2098978_605.jpg,1374,1033,1461,1078,286
1291,2098979_605.jpg,1367,1030,1442,1076,286
1292,2098986_605.jpg,1365,1028,1463,1068,286
1293,2098987_605.jpg,1407,1018,1475,1062,286
1294,2099042_605.jpg,1369,1042,1467,1075,286
1295,2099199_605.jpg,1371,1020,1457,1076,286
1296,2099428_605.jpg,1374,1046,1462,1085,286
1297,2099442_605.jpg,1347,1008,1449,1055,286
1298,2099593_605.jpg,1352,1029,1451,1069,286
1299,2099658_605.jpg,1375,1030,1435,1067,286
1300,2117270_605.jpg,1317,1205,1392,1318,298
1301,2117272_605.jpg,1291,1574,1375,1683,298
1302,2117278_605.jpg,525,324,610,447,298
1303,2117286_605.jpg,365,605,539,726,298
1304,2117290_605.jpg,1310,959,1381,1072,298
1305,2117295_605.jpg,2207,677,2306,809,298
1306,2117300_605.jpg,2298,709,2390,843,298
1307,2117357_605.jpg,1310,726,1391,838,298
1308,2117372_605.jpg,1312,1249,1403,1383,298
1309,2117415_605.jpg,1660,403,1751,513,298
1310,2117474_605.jpg,1568,501,1641,622,298
1311,2117495_605.jpg,1238,306,1319,444,298
1312,2117506_605.jpg,833,504,928,606,298
1313,2117516_605.jpg,1987,210,2085,333,298
1314,2117522_605.jpg,1631,568,1758,731,298
1315,2117663_605.jpg,1829,395,1936,506,298
1316,2117674_605.jpg,2109,314,2220,401,298
1317,2117689_605.jpg,1054,263,1146,373,298
1318,2117690_605.jpg,1102,290,1183,416,298
1319,2117706_605.jpg,1258,536,1353,625,298
1320,2117712_605.jpg,606,496,681,593,298
1321,2117726_605.jpg,1152,359,1229,457,298
1322,2117880_605.jpg,1450,797,1530,883,298
1323,2117924_605.jpg,1283,173,1365,307,298
1324,2117935_605.jpg,1067,605,1146,710,298
1325,2117941_605.jpg,779,299,883,439,298
1326,2117960_605.jpg,616,84,720,175,298
1327,2118108_605.jpg,1649,240,1799,339,298
1328,2118127_605.jpg,1694,287,1782,394,298
1329,2118177_605.jpg,992,235,1102,366,298
1330,2118199_605.jpg,981,460,1072,575,298
1331,2118218_605.jpg,919,371,1012,480,298
1332,2118346_605.jpg,1664,762,1767,872,298
1333,2118359_605.jpg,1362,434,1437,549,298
1334,2118370_605.jpg,751,392,833,536,298
1335,2118388_605.jpg,1630,352,1719,473,298
1336,2118476_605.jpg,1525,458,1609,599,298
1337,2118524_605.jpg,189,284,279,411,298
1338,2123834_605.jpg,1711,661,1814,736,298
1339,2123851_605.jpg,969,543,1072,622,298
1340,2123869_605.jpg,525,1275,631,1405,298
1341,2123909_605.jpg,2187,897,2279,1026,298
1342,2123915_605.jpg,2124,1205,2237,1306,298
1343,2123918_605.jpg,1883,985,1955,1080,298
1344,2124051_605.jpg,1519,1386,1603,1492,298
1345,2124103_605.jpg,1379,496,1443,600,298
1346,2124242_605.jpg,1108,425,1182,530,298
1347,2124568_605.jpg,1499,808,1564,934,298
1348,2124570_605.jpg,1736,434,1818,587,298
1349,2124575_605.jpg,1360,1037,1428,1170,298
1350,2124594_605.jpg,2394,858,2540,928,298
1351,2124601_605.jpg,995,1393,1068,1522,298
1352,2124633_605.jpg,737,1635,800,1680,295
1353,2124696_605.jpg,1967,617,2094,712,298
1354,2124698_605.jpg,1641,781,1725,894,298
1355,2124702_605.jpg,1464,374,1542,517,298
1356,2124762_605.jpg,1854,445,1983,546,298
1357,2124770_605.jpg,589,143,713,272,298
1358,2124789_605.jpg,2008,225,2113,340,298
1359,2128777_605.jpg,1246,1219,1348,1364,298
1360,2128823_605.jpg,1438,402,1506,521,298
1361,2128838_605.jpg,1092,436,1209,593,298
1362,2128848_605.jpg,1025,359,1111,475,298
1363,2128852_605.jpg,1266,475,1358,598,298
1364,2128876_605.jpg,1702,263,1799,377,298
1365,2128877_605.jpg,2231,158,2388,250,297
1366,2128901_605.jpg,298,775,368,898,298
1367,2128909_605.jpg,1802,1177,1871,1285,298
1368,2128973_605.jpg,1420,456,1489,573,298
1369,2128986_605.jpg,2367,1597,2508,1718,298
1370,2128997_605.jpg,2299,217,2415,334,298
1371,2129017_605.jpg,2472,1310,2570,1443,298
1372,2129022_605.jpg,2601,271,2714,403,298
1373,2129072_605.jpg,1495,146,1591,239,298
1374,2129076_605.jpg,2300,1324,2470,1413,298
1375,2131763_605.jpg,1406,984,1540,1037,293
1376,2131764_605.jpg,1310,1129,1460,1197,293
1377,2131766_605.jpg,1392,1062,1531,1125,293
1378,2131772_605.jpg,1488,1028,1642,1099,293
1379,2131789_605.jpg,1401,944,1537,1011,293
1380,2131798_605.jpg,1416,973,1557,1041,293
1381,2131804_605.jpg,1421,1103,1548,1156,293
1382,2131805_605.jpg,1430,989,1578,1052,293
1383,2131808_605.jpg,1298,1025,1428,1090,293
1384,2131811_605.jpg,1559,1099,1690,1161,293
1385,2131812_605.jpg,1344,1172,1471,1250,293
1386,2131819_605.jpg,1415,1106,1543,1160,293
1387,2131821_605.jpg,1422,991,1547,1056,293
1388,2136764_605.jpg,1430,1021,1533,1080,293
1389,2136855_605.jpg,1409,1138,1508,1175,293
1390,2136863_605.jpg,1417,1006,1474,1052,293
1391,2136888_605.jpg,1431,1018,1525,1068,293
1392,2137029_605.jpg,1369,1061,1459,1115,293
1393,2137059_605.jpg,1425,1001,1502,1047,293
1394,2137061_605.jpg,1567,1047,1667,1095,293
1395,2137068_605.jpg,1569,867,1679,912,293
1396,2137086_605.jpg,1382,1073,1471,1128,293
1397,2137088_605.jpg,1402,978,1497,1029,293
1398,2137206_605.jpg,1446,980,1546,1032,293
1399,2137253_605.jpg,1415,1103,1509,1150,293
1400,2137286_605.jpg,1372,1089,1479,1142,293
1401,2137309_605.jpg,1422,971,1526,1028,293
1402,2137317_605.jpg,1465,824,1571,898,293
1403,2137390_605.jpg,1335,1105,1431,1144,293
1404,2137581_605.jpg,1379,507,1445,578,293
1405,2137589_605.jpg,1445,591,1532,661,293
1406,2137655_605.jpg,1377,768,1476,847,293
1407,2137661_605.jpg,1487,1060,1605,1117,293
1408,2138033_605.jpg,565,468,664,596,298
1409,2138043_605.jpg,1912,289,1991,406,298
1410,2138064_605.jpg,534,255,641,358,298
1411,2138066_605.jpg,1862,230,1961,332,298
1412,2138237_605.jpg,1502,238,1616,353,298
1413,2138269_605.jpg,1580,1333,1731,1487,298
1414,2138389_605.jpg,419,234,527,376,298
1415,2138396_605.jpg,1828,323,1919,431,298
1416,2138401_605.jpg,2145,329,2232,448,298
1417,2138426_605.jpg,1041,123,1155,290,298
1418,2139268_605.jpg,1577,1129,1671,1189,293
1419,2139274_605.jpg,994,626,1095,723,293
1420,2139287_605.jpg,1072,779,1164,874,293
1421,2139290_605.jpg,1528,1100,1607,1169,293
1422,2139365_605.jpg,1276,1149,1378,1234,293
1423,2139370_605.jpg,1207,785,1291,869,293
1424,2139392_605.jpg,1676,968,1806,1029,293
1425,2139793_605.jpg,1417,967,1502,1037,293
1426,2139836_605.jpg,1333,1119,1435,1162,293
1427,2139892_605.jpg,1563,984,1667,1032,293
1428,2139896_605.jpg,1348,910,1440,976,293
1429,2140006_605.jpg,1324,1073,1421,1112,293
1430,2140027_605.jpg,1396,998,1503,1069,293
1431,2142159_605.jpg,1658,768,1776,846,293
1432,2142187_605.jpg,1895,779,1996,838,293
1433,2142201_605.jpg,1684,766,1798,833,293
1434,2142224_605.jpg,1632,752,1771,845,293
1435,2143637_605.jpg,1294,796,1409,926,293
1436,2143665_605.jpg,1271,707,1378,819,293
1437,2143906_605.jpg,1386,297,1527,386,293
1438,2143918_605.jpg,1295,422,1402,548,293
1439,2143948_605.jpg,1223,623,1342,741,293
1440,2143951_605.jpg,1543,1050,1729,1208,293
1441,2143960_605.jpg,1372,794,1505,927,293
1442,2143969_605.jpg,1129,772,1260,909,293
1443,2143988_605.jpg,1275,694,1394,817,293
1444,2147802_605.jpg,1361,898,1577,996,294
1445,2188474_605.jpg,1504,843,1583,918,289
1446,2188488_605.jpg,1324,874,1396,945,289
1447,2188489_605.jpg,1660,727,1741,805,289
1448,2188496_605.jpg,1442,875,1516,946,289
1449,2188511_605.jpg,1385,916,1468,997,289
1450,2188515_605.jpg,1398,929,1484,1013,289
1451,2188520_605.jpg,1370,947,1446,1020,289
1452,2188528_605.jpg,1537,765,1613,843,289
1453,2188555_605.jpg,1447,897,1526,976,289
1454,2188562_605.jpg,1561,790,1642,868,294
1455,2188578_605.jpg,1522,782,1597,859,289
1456,2188608_605.jpg,1428,807,1507,887,289
1457,2188632_605.jpg,1264,829,1342,908,289
1458,2188640_605.jpg,1514,1060,1597,1142,289
1459,2188660_605.jpg,1202,763,1285,841,289
1460,2188661_605.jpg,1310,719,1391,802,289
1461,2188792_605.jpg,1645,874,1728,954,289
1462,2191031_605.jpg,1340,1022,1464,1090,294
1463,2191035_605.jpg,1342,1015,1457,1083,294
1464,2191718_605.jpg,845,1131,989,1206,295
1465,2191776_605.jpg,1305,587,1441,675,295
1466,2191800_605.jpg,1334,629,1466,729,295
1467,2191810_605.jpg,1185,736,1296,808,295
1468,2191812_605.jpg,764,1106,899,1209,295
1469,2191898_605.jpg,1316,779,1448,868,295
1470,2191905_605.jpg,934,1169,1095,1298,295
1471,2191913_605.jpg,1462,766,1535,891,295
1472,2191941_605.jpg,1555,705,1621,820,296
1473,2192095_605.jpg,1501,674,1682,791,295
1474,2192154_605.jpg,1516,855,1659,967,295
1475,2192349_605.jpg,640,818,844,972,295
1476,2192363_605.jpg,1171,632,1337,749,295
1477,2192483_605.jpg,494,756,692,881,295
1478,2192487_605.jpg,1280,878,1421,992,295
1479,2192490_605.jpg,1277,918,1422,1043,295
1480,2192683_605.jpg,1272,822,1416,967,295
1481,2192686_605.jpg,1226,983,1387,1124,295
1482,2192690_605.jpg,1307,928,1398,1057,296
1483,2207334_605.jpg,1393,986,1483,1078,289
1484,2207392_605.jpg,1294,976,1414,1092,289
1485,2207468_605.jpg,1304,960,1463,1115,289
1486,2207475_605.jpg,1330,964,1469,1102,289
1487,2207476_605.jpg,645,984,785,1105,289
1488,2207701_605.jpg,1331,1005,1457,1126,289
1489,2229145_605.jpg,1366,728,1446,809,289
1490,2229146_605.jpg,1492,871,1575,953,289
1491,2229150_605.jpg,1477,625,1552,701,289
1492,2229192_605.jpg,1484,727,1560,806,289
1493,2229209_605.jpg,1415,895,1493,969,289
1494,2229213_605.jpg,1484,752,1556,821,289
1495,2229252_605.jpg,1554,899,1623,967,289
1496,2229255_605.jpg,1275,648,1353,729,289
1497,2229257_605.jpg,1478,832,1542,896,289
1498,2229273_605.jpg,1466,665,1534,734,289
1499,2229280_605.jpg,1395,734,1461,802,289
1500,2229284_605.jpg,1564,809,1633,877,289
1501,2229287_605.jpg,1440,887,1510,951,289
1502,2229309_605.jpg,1450,836,1517,901,289
1503,2229324_605.jpg,1420,820,1481,885,289
1504,2229345_605.jpg,1476,771,1546,840,289
1505,2229349_605.jpg,1455,801,1528,876,289
1506,2229352_605.jpg,1398,764,1480,843,289
1507,2229355_605.jpg,1483,906,1552,976,289
1508,2229402_605.jpg,1433,794,1490,850,289
1509,2229420_605.jpg,1600,677,1659,737,289
1510,2229439_605.jpg,1584,674,1651,741,289
1511,2230887_605.jpg,1015,1050,1129,1158,289
1512,833785_605.jpg,1346,1154,1484,1209,290
1513,833785_605.jpg,1596,1268,1711,1325,290
1514,833897_605.jpg,1856,956,2019,1023,290
1515,841242_605.jpg,1812,1084,1938,1204,291
1516,841242_605.jpg,1705,832,1816,943,291
1517,841242_605.jpg,1975,858,2089,961,291
1518,841244_605.jpg,1444,1114,1554,1252,291
1519,841244_605.jpg,1618,1118,1723,1262,291
1520,841244_605.jpg,1512,1308,1683,1449,291
1521,841245_605.jpg,1489,1037,1602,1114,291
1522,841245_605.jpg,1633,1122,1765,1219,291
1523,841245_605.jpg,1705,1020,1824,1094,291
1524,851150_605.jpg,646,1433,727,1611,290
1525,854767_605.jpg,1110,850,1233,1008,291
1526,854767_605.jpg,1279,842,1419,954,291
1527,854782_605.jpg,1103,1101,1187,1223,291
1528,854782_605.jpg,1232,1080,1320,1229,291
1529,854787_605.jpg,1307,846,1412,1013,291
1530,854787_605.jpg,1183,865,1273,1012,291
1531,854813_605.jpg,1124,783,1215,939,291
1532,854813_605.jpg,1251,819,1342,950,291
1533,854835_605.jpg,1668,1174,1835,1327,291
1534,854835_605.jpg,1490,983,1692,1119,291
1535,854843_605.jpg,1607,932,1746,1061,291
1536,854843_605.jpg,1279,907,1465,1065,291
1537,854855_605.jpg,1175,1497,1296,1691,291
1538,854855_605.jpg,1405,1509,1520,1668,291
1539,854869_605.jpg,753,1198,867,1312,291
1540,854869_605.jpg,508,1198,624,1292,291
1541,866686_605.jpg,895,818,1094,935,291
1542,866686_605.jpg,1166,708,1332,841,291
1543,866732_605.jpg,1433,1388,1621,1516,291
1544,866732_605.jpg,1840,1130,2004,1241,291
1545,927839_605.jpg,1462,1029,1588,1098,285
1546,940964_605.jpg,1311,1003,1482,1123,290
1547,941055_605.jpg,1533,1089,1702,1165,291
1548,941680_605.jpg,1327,969,1491,1055,290
1549,941680_605.jpg,1450,893,1597,983,290
1550,941768_605.jpg,1312,1005,1399,1088,285
1551,941768_605.jpg,1551,1004,1641,1083,285
1552,945966_605.jpg,546,1236,721,1326,290
1553,945966_605.jpg,733,1160,884,1262,290
1554,960465_605.jpg,1484,1161,1598,1270,291
1555,988498_605.jpg,1200,1223,1368,1339,291
1556,988498_605.jpg,1456,1230,1610,1328,291
1557,995834_605.jpg,1296,350,1417,408,291
